address,damage
1026 CORSICA DR,Not in county fire-damage data
1057 CORSICA DR,Not in county fire-damage data
1220 CORSICA DR,Not in county fire-damage data
13817 W SUNSET BLVD,Not in county fire-damage data
1480 CAPRI DR,Not in county fire-damage data
14800 CORONA DEL MAR,No Damage
14816 DRUMMOND ST,Destroyed (>50%)
1529 AMALFI DR,Not in county fire-damage data
16021 NORTHFIELD ST,No Damage
16037 JUNALUSKA WAY,No Damage
16045 NORTHFIELD ST,No Damage
16735 MARQUEZ TER,Destroyed (>50%)
17335 TRAMONTO DR,Affected (1-9%)
17405 CASTELLAMMARE DR,Affected (1-9%)
17819 CASTELLAMMARE DR,Not in county fire-damage data
211 ALMA REAL DR,No Damage
500 TOYOPA DR,No Damage
521 TOYOPA DR,No Damage
724 GREENTREE RD,Not in county fire-damage data
755 NAPOLI DR,Not in county fire-damage data
782 RANCH LN,Not in county fire-damage data
814 TOULON DR,Not in county fire-damage data
