address,note
711 Chapala Dr,"City-approved plans (plan check approved 7/8/2026) for a new 7,504 sf two-story house over a basement; permits not yet pulled. The listing does not advertise the approval. Seller bought in 9/2025 for $3.85M (listing history)."
611 Ocampo Dr,"City-approved plans (plan check approved 7/31/2026) for a 7,154 sf house, two stories over a basement; permits not yet pulled. A permit for a new pool and spa was issued 6/12/2026. Seller bought in 3/2025 for $4.25M."
909 Rivas Canyon Rd,"18,344 sf flat lot on a private road, hillside zoning (RE11-1). No permit records yet, so the house size is an estimate from lot area (capped at 8,000 sf before design)."
14410 Villa Woods Pl,"13,724 sf lot, hillside zoning (RE11-1). No permit records since the fire; the pool remains per the listing. Sold for $5.9M with a house in 2020."
1078 Villa Grove Dr,"11,467 sf lot. The MLS listing shows a coastline view, so the ocean-view premium applies. No permit records; the house size is an estimate from lot area."
824 Chautauqua Blvd,"9,447 sf lot. A lot-line adjustment is pending per the listing; the house size is an estimate from lot area."
16150 Northfield St,"City-approved plans (plan check approved 6/25/2026) for a 4,270 sf house with ADU/JADU, plus approved grading and retaining wall; permits not yet pulled. Hillside, Coastal Zone. Seller bought in 6/2026 for $900K."
545 N Las Casas Ave,"4,382 sf lot. A like-for-like rebuild at 110% of the old 3,014 sf home qualifies for the city's fast track. Pool and spa remain per the listing. Coastal Zone."
627 N Marquette St,"7,813 sf lot. The MLS listing shows an ocean view, so the ocean-view premium applies. The old 1,044 sf home was on septic per the listing; the house size is an estimate from lot area."
623 N Marquette St,"7,400 sf lot, listed for more than a year without selling. The house size is an estimate from lot area."
