date,address,submarket,ask,prior_sf,plan_sf,lotsf,flags,approved
2026-10-01,15241 Via de las Olas,VDLP,5500000,2032,,6493,bluff-front,
2026-10-01,519 Frontera Dr,HUNT,3695000,2497,,7648,,
2026-10-01,727 Chautauqua Blvd,ALPHA,2199999,1809,,7177,arterial,
2026-10-01,1588 Chastain Pkwy W,SUMMIT,1250000,3622,4184,6185,"LADBS: plan check approved 3/9/26, 4,184 sf",Y
2026-10-01,719 Chapala Dr,HUNT,4000000,4241,5094,8073,"LADBS: plan check complete 9/10/26, 4,748 sf house + 346 sf ADU; HOA $366/yr",Y
2026-10-06,1228 Las Lomas Pl,UPS,1995000,2557,,11222,,
2026-10-07,15306 McKendree Ave,ALPHA,2500000,1235,,7017,,
2026-10-07,871 Oreo Pl,UPS,1300000,2100,4389,5262,"LADBS: plan check approved 8/26/26, 4,389 sf (not advertised)",Y
2026-10-07,16742 Bollinger Dr,MK,1250000,1456,,6019,,
