# address,submarket,ask,prior_sf,plan_sf,lotsf,flags,approved
711 Chapala Dr,HUNT,4375000,3383,7504,8008,"LADBS: plan check approved 7/8/26, 7,504 sf (not advertised as RTI)",Y
701 Via de la Paz,VDLP,3225000,6622,,8304,panoramic ocean view,
683 Alma Real Dr,HUNT,5500000,3319,,13930,corner ocean view,
533 Mount Holyoke Ave,VDLP,2290000,1796,,7955,,
732 Hampden Pl,ALPHA,2195000,3395,,15123,detail blocked; price change seen 9/29,
736 Haverford Ave,VDLP,2395000,1713,,7042,,
432 Beirut Ave,VDLP,2150000,1672,,4004,small lot,
15363 Via de las Olas,VDLP,5250000,1683,,6463,bluff ocean view,
15215 Friends St,VDLP,2395000,2020,3377,8528,entitlement w/ CDP,
722 Patterson Pl,VDLP,2995000,3472,,10990,gated,
14826 W Sunset Blvd,VDLP,1725000,1802,,6902,on Sunset,
771 Ocampo Dr,HUNT,3950000,2988,3960,7199,"LADBS: plan check approved 2/19/26, 3,960 sf",Y
611 Ocampo Dr,HUNT,4495000,3513,7154,8205,"LADBS: plan check approved 7/31/26, 7,154 sf (listing 7,524); new pool permit issued",Y
622 Alma Real Dr,HUNT,3595000,4929,,8630,"Redfin $3,595,000 (9/29)",
616 Via de la Paz,ALPHA,2795000,3179,,6002,346 DOM,
15329 De Pauw St,VDLP,2345000,5423,,8156,517 DOM; coastal,
14736 McKendree Ave,ALPHA,3195000,3897,6226,7695,"LADBS: plan check approved 9/25/26, 6,226 sf (listing 6,400)",Y
1226 Monument St,ALPHA,2595000,5984,6000,7441,"LADBS: PERMIT ISSUED 6/29/26, 6,000 sf",Y
1218 Monument St,ALPHA,2125000,1207,,6418,ocean views,
1344 Monument St,ALPHA,2850000,2474,,10428,land lease? verify,
866 Fiske St,ALPHA,1835000,1631,,5199,6 cuts; price change seen 9/29,
1160 Galloway St,ALPHA,2395000,1116,,6501,plans 4293 not submitted; price change seen 9/29,
15422 Albright St,ALPHA,2750000,5328,,9327,,
1324 Marinette Rd,ALPHA,2900000,3409,,13068,big flat view lot,
1011 Embury St,ALPHA,1895000,1216,,5197,"LADBS: 1-story plans in review, not approved",
15312 McKendree Ave,ALPHA,2350000,2269,,8135,4 cuts,
14619 Bestor Blvd,ALPHA,2795000,2828,,7802,,
14607 Bestor Blvd,ALPHA,2999000,5636,,7803,,
921 Kagawa St,ALPHA,2999000,2688,,6500,354 DOM,
930 Kagawa St,ALPHA,2700000,3760,,7502,,
1314 Goucher St,ALPHA,4300000,5817,,18307,,
1365 Goucher St,ALPHA,2995000,2318,,11316,,
1355 Berea Pl,ALPHA,4500000,6785,7500,9410,approved; seller financing,
14410 Villa Woods Pl,RIV,2795000,4219,,13724,pool remains,
1078 Villa Grove Dr,RIV,2670000,2283,,11467,,
909 Rivas Canyon Rd,RIV,3750000,3254,,18344,,
14511 W Sunset Blvd,RIV,1099000,2163,,7006,"private rd off Sunset; Tal 10/1: something feels off (access/entrance off Sunset), says it is a foreclosure; verify title and access",
824 Chautauqua Blvd,RIV,2350000,1571,,9447,lot-line adj pending,
539 Muskingum Pl,BLUFF,1650000,1262,,4944,,
545 N Las Casas Ave,BLUFF,995000,3014,,4382,small lot,
515 N Las Casas Ave,BLUFF,1250000,1279,,5900,,
676 N Las Casas Ave,BLUFF,1500000,1440,,9307,,
711 Muskingum Ave,BLUFF,1995000,3590,3496,6058,"LADBS: plan check approved 8/25/26, 3,496 sf",Y
501 Muskingum Pl,BLUFF,1575000,1409,,4984,septic,
16150 Northfield St,BLUFF,1345000,1302,4270,5556,"LADBS: plan check approved 6/25/26, 4,270 sf (listing 5,200); flip",Y
558 Erskine Dr,BLUFF,1699999,1907,,6507,,
611 Erskine Dr,BLUFF,1500000,1395,,5212,,
651 Erskine Dr,BLUFF,2499000,3049,,13803,508 DOM; price change seen 9/29,
620 Palmera Ave,BLUFF,2195000,3619,,11523,3 parcels,
623 N Marquette St,BLUFF,990000,1694,,7400,419 DOM,
627 N Marquette St,BLUFF,999000,1044,,7813,septic,
327 N Grenola St,BLUFF,2895000,5073,5180,7405,plans; foundation+pool in place; price change seen 9/29,
429 Puerto del Mar,BLUFF,1499999,1674,,7097,,
664 Las Lomas Ave,BLUFF,1699000,1397,,5381,,
16827 W Sunset Blvd,BLUFF,1599000,1936,,7028,on Sunset,
16723 W Sunset Blvd,BLUFF,899000,2052,,4946,on Sunset; price change seen 9/29,
1032 El Medio Ave,UPS,2700000,3568,,28532,,
1231 Las Lomas Pl,UPS,2300000,2128,,13939,,
1025 Las Pulgas Rd,UPS,1660000,2007,,12288,,
1055 Las Pulgas Rd,UPS,2050000,2647,,12083,,
1067 Las Pulgas Rd,UPS,1550000,1842,2935,10733,"LADBS: PERMIT ISSUED 3/12/26, 2,935 sf",Y
1018 Maroney Ln,UPS,2850000,2891,,19493,,
16021 Anoka Dr,UPS,2395000,2228,,13487,,
941 Bienveneda Ave,UPS,1995000,1683,,13146,,
1227 Bienveneda Ave,UPS,2198000,1967,,14840,,
16550 Akron St,MK,1000000,4085,,9003,short sale,
16556 Chattanooga Pl,MK,2149000,1505,,8071,,
959 Chattanooga Ave,MK,2790000,1990,7132,14461,"LADBS: 6,417 sf house + 715 sf ADU, all clearances cleared 3/2026, no approval entry",
850 Jacon Way,MK,1750000,2359,,13307,,
860 Jacon Way,MK,1750000,1864,,23596,,
819 Jacon Way,MK,2300000,2600,3008,7744,"LADBS: plan check approved 5/14/26, 3,008 sf",Y
16808 Charmel Ln,MK,3200000,2394,,22689,"LADBS: NOT approved (verifications in progress 7/30/26); listing claims RTI 7,000",
16799 Charmel Ln,MK,2995000,5044,,16126,view,
1167 Lachman Ln,MK,2595000,3465,,13564,view,
1224 Lachman Ln,MK,2950000,3268,,9052,view,
1131 Tellem Dr,MK,2490000,2469,,14509,,
1073 Glenhaven Dr,MK,2495000,2080,,12784,,
1026 Enchanted Way,MK,4998000,3213,,37240,,
16915 Enchanted Pl,MK,2690000,2079,,9820,,
16613 Pequeno Pl,MK,2750000,1950,,41181,flag lot,
16918 Marquez Ave,MK,1395000,2310,,6333,,
17053 Bollinger Dr,MK,2898000,4603,,9631,,
16503 Las Casas Pl,MK,1395000,2313,,19135,,
16521 Las Casas Pl,MK,1195000,1857,,9021,,
838 N Las Casas Ave,MK,848000,2200,,4504,small lot,
1120 Cumbre Alta Ct,HIGH,2499000,6463,,19166,,
16726 Monte Hermoso Dr,HIGH,1825000,4477,,16685,,
16740 Monte Hermoso Dr,HIGH,1650000,5708,,19418,,
16748 Monte Hermoso Dr,HIGH,1675000,5683,,19745,,
16756 Monte Hermoso Dr,HIGH,1650000,4683,,19841,price change seen 9/29,
16637 Cumbre Verde Ct,HIGH,1450000,4816,,14440,,
1425 Monte Grande Pl,HIGH,1495000,5364,,15224,,
17249 Avenida de la Herradura,HIGH,899000,2644,,7349,,
17241 Avenida de la Herradura,HIGH,899000,2255,,6535,LADBS: not approved (verifications in progress),
1626 Chastain Pkwy E,SUMMIT,1545000,5040,,10441,price change seen 9/29,
16821 Via La Costa,ENC,1895000,5157,,19379,,
16814 Calle Bellevista,ENC,2095000,4435,6328,13507,"LADBS: plan check approved 7/17/26, 6,328 sf",Y
16895 Calle De Sarah,ENC,1749000,5286,,10121,,
1475 Via Cresta,RIDGE,4995000,8043,,63540,,
1467 Via Cresta,RIDGE,3490000,6437,,43994,,
1433 Via Anita,RIDGE,2295000,6668,,42118,"Cut $205K to $2.295M on 9/28/26 (Redfin); gated Ridgeview, ~1 acre; MLS lists canyon/ocean/coastline views",
318 Bellino Dr,CAST,2850000,4200,,8922,,
320 Bellino Dr,CAST,2759000,2142,,21980,,
312 Bellino Dr,CAST,1850000,2028,,7165,,
17929 Castellammare Dr,CAST,2200000,2106,,6285,,
17810 Castellammare Dr,CAST,1575000,2072,,3846,pre-foreclosure,
17941 Tramonto Dr,CAST,1995000,1573,,5658,,
633 Resolano Dr,CAST,5250000,4741,,14060,NEW 9/29; 180° ocean/Queen's Necklace views; prior Moore Ruble Yudell home,
875 Chautauqua Blvd,ALPHA,2350000,3356,,6575,NEW 9/29; corner lot,
1161 Via De La Paz,ALPHA,2399000,2986,,7251,NEW 9/29; north of Sunset near Village,
1150 Iliff St,ALPHA,2345000,2447,,6503,NEW 9/29; survey + soils report included,
424 Via De La Paz,VDLP,3185000,1653,,7952,"NEW 9/29; Via Bluffs, alley access",
16614 Pequeno Pl,MK,990000,2061,,13699,NEW 9/29; AUCTION listing (price may be a starting bid); seller has slope analysis + plans,
16561 Las Casas Pl,MK,995000,2975,,4360,NEW 9/29; small canyon-facing lot,
1515 Umeo Rd,RIV,5395000,4320,,33876,NEW 9/29; ~0.75 ac Riviera; seller financing offered,
16860 Livorno Dr,MK,1500000,3085,,6599,"NEW 9/29; flat, ocean side of street",
922 Enchanted Way,MK,1795000,2918,,15894,"NEW 9/29; cul-de-sac, mostly flat pad, ocean/mtn views",
911 Hartzell St,ALPHA,1895000,2984,,5207,NEW 9/29,
16957 Livorno Dr,MK,2000000,1873,,9239,NEW 9/29; flat corner lot,
1028 Chautauqua Blvd,ALPHA,3250000,3602,,11832,Back on market subject to cancellation of current escrow,
1433 El Bosque Ct,ENC,1299000,3672,,15462,new listing 2026-10-01; no new-house application in LADBS open data (10/1/26),
620 N Marquette St,BLUFF,5295000,0,,64396,"new listing 2026-10-01; prior home size unknown; LADBS: 2023 new-house application, not approved",
16942 Bollinger Dr,MK,1475000,1770,,6902,new listing 2026-10-01; no new-house application in LADBS open data (10/1/26),
338 Mount Holyoke,VDLP,2695000,3151,,6925,new listing 2026-10-01; no new-house application in LADBS open data (10/1/26),
1111 Kagawa St,ALPHA,2350000,2022,,6501,new listing 2026-10-01; no new-house application in LADBS open data (10/1/26),
250 Trino Way,BLUFF,8288000,3085,,12581,new listing 2026-10-01; no new-house application in LADBS open data (10/1/26),
16810 Glynn Dr,HIGH,2495000,3850,4991,13538,"new listing 2026-10-01; LADBS 25010-10000-01762: plan check approved, 4,991 sf (9/30/25 status)",Y
17860 W Lecco Ln,CAST,999000,0,,3717,new listing 2026-10-01; prior home size unknown; no county parcel match by address; permits not checked,
405 N Puerto Del Mar,BLUFF,10995000,2637,,26571,new listing 2026-10-01; no new-house application in LADBS open data (10/1/26),
17639 Porto Marina Way,CAST,995000,0,,4486,new listing 2026-10-01; prior home size unknown; no county parcel match by address; permits not checked,
17635 Porto Marina Way,CAST,995000,0,,4042,new listing 2026-10-01; prior home size unknown; no county parcel match by address; permits not checked,
1339 Chautauqua Blvd,ALPHA,2750000,4204,,8490,"new listing 2026-10-02; no new-house application in LADBS open data (APN 4422006011, 10/2/26)",
16640 Linda Ter,MK,1750000,4695,,7455,"new listing 2026-10-05; no new-house application in LADBS open data (APN 4419014016, 10/5/26)",
16778 Edgar St,BLUFF,1385000,3641,3455,5698,"new listing 2026-10-05; LADBS 25010-30000-02133: PERMIT ISSUED 6/3/26, 3,455 sf (open-data square_footage 3,454.6)",Y
717 Via De La Paz,VDLP,2950000,3351,3579,8302,"new listing 2026-10-05; LADBS 25010-10000-06355: plan check approved 3/13/26, 3,579 sf (open-data square_footage; permit report shows no size); 456 sf ADU 25010-10000-06357 also approved",Y
906 Kagawa St,ALPHA,2499000,6125,,7503,"new listing 2026-10-05; no new-house application in LADBS open data (APN 4423023002, 10/5/26)",
1115 Via De La Paz,ALPHA,2499000,5087,,7993,"new listing 2026-10-05; LADBS 25010-30000-01756: new-house application, verifications in progress 9/25/26, not approved",
16661 Cumbre Verde Ct,HIGH,1500000,7535,,15071,"new listing 2026-10-05; no new-house application in LADBS open data (APN 4431033021, 10/5/26)",
15241 Via de las Olas,VDLP,5500000,2032,,6493,"bluff-front; relisted 10/2/26 after leaving listings 10/1 (Redfin history); no new-house application in LADBS open data (APN 4412025006, 10/5/26)",
1022 Lachman Ln,MK,1995000,2598,,12128,"new listing 2026-10-06; no new-house application in LADBS open data (APN 4419004018, 10/6/26)",
1405 El Bosque Ct,HIGH,1198000,4600,,16621,"new listing 2026-10-06; no new-house application in LADBS open data (APN 4431026009, 10/6/26)",
1005 Villa Grove Dr,RIV,3477000,2588,,17838,"new listing 2026-10-06; no new-house application in LADBS open data (APN 4409006001, 10/6/26; only a 2022 alter/repair permit, finaled)",
665 Las Lomas Ave,BLUFF,1385000,1148,,5624,"new listing 2026-10-07; no new-house application in LADBS open data (APN 4414014005, 10/7/26)",
15317 De Pauw St,VDLP,2295000,1501,,8250,"new listing 2026-10-07; no new-house application in LADBS open data (APN 4412011005, 10/7/26)",
