date,address,change,old,new
2026-10-01,701 Via de la Paz,price,3500000,3225000
2026-10-01,1011 Embury St,price,1925000,1895000
2026-10-01,860 Jacon Way,price,1999999,1750000
2026-10-01,16821 Via La Costa,price,2195000,1895000
2026-10-01,1028 Chautauqua Blvd,price,3535000,3250000
2026-10-01,1433 El Bosque Ct,new listing,,1299000
2026-10-01,620 N Marquette St,new listing,,5295000
2026-10-01,16942 Bollinger Dr,new listing,,1475000
2026-10-01,338 Mount Holyoke,new listing,,2695000
2026-10-01,1111 Kagawa St,new listing,,2350000
2026-10-01,250 Trino Way,new listing,,8288000
2026-10-01,16810 Glynn Dr,new listing,,2495000
2026-10-01,17860 W Lecco Ln,new listing,,999000
2026-10-01,405 N Puerto Del Mar,new listing,,10995000
2026-10-01,17639 Porto Marina Way,new listing,,995000
2026-10-01,17635 Porto Marina Way,new listing,,995000
2026-10-01,1785 Alta Mura Rd,new listing,,999000
2026-10-01,15241 Via de las Olas,"left active listings (pending, sold or withdrawn)",5500000,
2026-10-01,519 Frontera Dr,"left active listings (pending, sold or withdrawn)",3695000,
2026-10-01,727 Chautauqua Blvd,"left active listings (pending, sold or withdrawn)",2199999,
2026-10-01,1588 Chastain Pkwy W,left active listings: pending 9/29/2026 at $1.25M ask (Redfin),1250000,
2026-10-01,719 Chapala Dr,left active listings: contingent 10/1/2026 (Redfin),4000000,
2026-10-02,1339 Chautauqua Blvd,new listing,,2750000
2026-10-05,16640 Linda Ter,new listing,,1750000
2026-10-05,16778 Edgar St,new listing,,1385000
2026-10-05,717 Via De La Paz,new listing,,2950000
2026-10-05,906 Kagawa St,new listing,,2499000
2026-10-05,1115 Via De La Paz,new listing,,2499000
2026-10-05,16661 Cumbre Verde Ct,new listing,,1500000
2026-10-05,15241 Via de las Olas,relisted (Redfin: relisted 10/2/26),,5500000
