code,judgment_psf,applied_psf,override_psf,rule_psf,rule_n,status,note,updated
RIV,1850,1860,,1860,8,rule (8 comps),"Riviera · moderate-strong: 7 post-fire 2020+ sales $1,730–2,174/sf",2026-10-01
HUNT,1850,1850,,1690,2,judgment,"Huntington Palisades · moderate: 521 Toyopa $1,924 (2026), 839 Toyopa $1,570 (2024)",2026-09-29
RUSTIC,1750,1750,,1460,1,judgment,"Rustic Canyon · weak: 782 Ranch $1,463; outliers higher",2026-09-29
BLUFF,1400,1400,,1140,3,judgment,"Bluffs / El Medio south of Sunset · moderate: 2026 sales of 2013–20 homes $1,139–1,335; new builds asking $1,387–1,390; pre-fire best $1,505",2026-09-29
VDLP,1400,1400,,2580,2,judgment,"Via de la Paz / Swarthmore / Beirut corridor · weak: treated like Bluffs; pre-fire 751 Swarthmore new $1,303",2026-09-29
ALPHA,1300,1300,,2200,2,judgment,"Alphabet / Village · weak: no post-fire new-build closing; pre-fire large new builds $1,160–1,300, small $1,490–1,690",2026-09-29
MK,1250,1250,,,0,judgment,"Marquez Knolls · moderate-weak: 2013 build $1,218 (2022); El Medio 2014–20 builds $1,140 post-fire",2026-09-29
UPS,1250,1250,,,0,judgment,Upper Las Lomas / Las Pulgas / Maroney / Bienveneda · no direct comps; set = Marquez,2026-09-29
RIDGE,1250,1250,,,0,judgment,"Ridgeview Country Estates · weak-moderate: 1476 Via Cresta $1,485 (1988 home); asks $1,200–1,580",2026-09-29
CAST,1200,1200,,900,3,judgment,"Castellammare · moderate: 17405 Castellammare (2016) $1,307; canyon-view 2020 build $901",2026-09-29
ENC,1000,1000,,,0,judgment,Enclave · weak: no 2015+ sale ever; pre-fire $742–986; post-fire resales $669–854,2026-09-29
HIGH,900,900,,,0,judgment,"Highlands / Tennis Estates · weak: large 1985–97 homes $750–920 pre-fire, $600–800 post-fire",2026-09-29
SUMMIT,900,900,,,0,judgment,The Summit · weak: same as Highlands,2026-09-29
