address,code,lat,lon,source
711 Chapala Dr,HUNT,34.04034437,-118.52185057,lot screen
701 Via de la Paz,VDLP,34.04279299,-118.52859757,lot screen
683 Alma Real Dr,HUNT,34.04063033,-118.52379957,lot screen
533 Mount Holyoke Ave,VDLP,34.03938507,-118.53058872,lot screen
732 Hampden Pl,ALPHA,34.04320804,-118.52614101,lot screen
736 Haverford Ave,VDLP,34.04386308,-118.52887406,lot screen
432 Beirut Ave,VDLP,34.03806944,-118.53017133,lot screen
15363 Via de las Olas,VDLP,34.0361899,-118.52924436,lot screen
15241 Via de las Olas,VDLP,34.0346952,-118.52755064,lot screen
15215 Friends St,VDLP,34.03407339,-118.52646183,lot screen
722 Patterson Pl,VDLP,34.0428671,-118.52568802,lot screen
14826 W Sunset Blvd,VDLP,34.04221625,-118.51999651,lot screen
771 Ocampo Dr,HUNT,34.04208623,-118.52253972,lot screen
611 Ocampo Dr,HUNT,34.03903216,-118.52033927,lot screen
622 Alma Real Dr,HUNT,34.0390339,-118.52354104,lot screen
519 Frontera Dr,HUNT,34.03873159,-118.5221421,lot screen
616 Via de la Paz,ALPHA,34.04081847,-118.52835877,lot screen
15329 De Pauw St,VDLP,34.03999752,-118.52670027,lot screen
14736 McKendree Ave,ALPHA,34.05207629,-118.52098956,lot screen
1226 Monument St,ALPHA,34.05203027,-118.52464945,lot screen
1218 Monument St,ALPHA,34.05187828,-118.52468755,lot screen
1344 Monument St,ALPHA,34.05438456,-118.5246814,lot screen
866 Fiske St,ALPHA,34.0449859,-118.52134441,lot screen
1160 Galloway St,ALPHA,34.05099786,-118.52163161,lot screen
15422 Albright St,ALPHA,34.04927117,-118.52772261,lot screen
1324 Marinette Rd,ALPHA,34.05409233,-118.51890495,lot screen
1011 Embury St,ALPHA,34.04735752,-118.52351299,lot screen
15312 McKendree Ave,ALPHA,34.05252906,-118.52602142,lot screen
15306 McKendree Ave,ALPHA,34.0525227,-118.5258071,lot screen
14619 Bestor Blvd,ALPHA,34.05165962,-118.51894188,lot screen
14607 Bestor Blvd,ALPHA,34.05171923,-118.51855226,lot screen
921 Kagawa St,ALPHA,34.04666787,-118.51815795,lot screen
930 Kagawa St,ALPHA,34.0470325,-118.51760078,lot screen
1314 Goucher St,ALPHA,34.0530683,-118.52156797,lot screen
1365 Goucher St,ALPHA,34.05430715,-118.52278232,lot screen
1355 Berea Pl,ALPHA,34.05375778,-118.5220531,lot screen
727 Chautauqua Blvd,ALPHA,34.04235831,-118.51761938,lot screen
14410 Villa Woods Pl,RIV,34.05202829,-118.51407101,lot screen
1078 Villa Grove Dr,RIV,34.05020285,-118.51328881,lot screen
909 Rivas Canyon Rd,RIV,34.04630064,-118.51432687,lot screen
14511 W Sunset Blvd,RIV,34.04552096,-118.5156083,lot screen
824 Chautauqua Blvd,RIV,34.04450729,-118.51711538,lot screen
539 Muskingum Pl,BLUFF,34.04311081,-118.53806682,lot screen
545 N Las Casas Ave,BLUFF,34.04523679,-118.54348461,lot screen
515 N Las Casas Ave,BLUFF,34.04430602,-118.5436657,lot screen
676 N Las Casas Ave,BLUFF,34.04793742,-118.54132796,lot screen
711 Muskingum Ave,BLUFF,34.04784983,-118.53672827,lot screen
501 Muskingum Pl,BLUFF,34.04273271,-118.53852918,lot screen
16150 Northfield St,BLUFF,34.04808821,-118.53829538,lot screen
558 Erskine Dr,BLUFF,34.04242852,-118.53338124,lot screen
611 Erskine Dr,BLUFF,34.04350057,-118.5335015,lot screen
651 Erskine Dr,BLUFF,34.04416708,-118.533002,lot screen
620 Palmera Ave,BLUFF,34.04588884,-118.53886954,lot screen
623 N Marquette St,BLUFF,34.04649384,-118.5417369,lot screen
627 N Marquette St,BLUFF,34.04658309,-118.54161113,lot screen
327 N Grenola St,BLUFF,34.04155964,-118.54262037,lot screen
429 Puerto del Mar,BLUFF,34.04112497,-118.53977597,lot screen
664 Las Lomas Ave,BLUFF,34.04775676,-118.53879782,lot screen
16827 W Sunset Blvd,BLUFF,34.04375205,-118.54479148,lot screen
16723 W Sunset Blvd,BLUFF,34.04576598,-118.54398969,lot screen
1032 El Medio Ave,UPS,34.05260925,-118.53055131,lot screen
1231 Las Lomas Pl,UPS,34.05508145,-118.5348363,lot screen
1228 Las Lomas Pl,UPS,34.0551998,-118.5343782,lot screen
1025 Las Pulgas Rd,UPS,34.05136902,-118.53832458,lot screen
1055 Las Pulgas Rd,UPS,34.05189785,-118.53907346,lot screen
1067 Las Pulgas Rd,UPS,34.05223556,-118.53938816,lot screen
1018 Maroney Ln,UPS,34.05130295,-118.53646184,lot screen
871 Oreo Pl,UPS,34.05007818,-118.53849641,lot screen
16021 Anoka Dr,UPS,34.05428732,-118.5344161,lot screen
941 Bienveneda Ave,UPS,34.05128695,-118.53998727,lot screen
1227 Bienveneda Ave,UPS,34.05724006,-118.54220859,lot screen
16550 Akron St,MK,34.05035036,-118.54308759,lot screen
16556 Chattanooga Pl,MK,34.04893646,-118.54245287,lot screen
959 Chattanooga Ave,MK,34.05223426,-118.54322254,lot screen
850 Jacon Way,MK,34.05231765,-118.54661668,lot screen
860 Jacon Way,MK,34.05260531,-118.54663514,lot screen
819 Jacon Way,MK,34.05148032,-118.5471137,lot screen
16808 Charmel Ln,MK,34.06064992,-118.55221211,lot screen
16799 Charmel Ln,MK,34.06015507,-118.55129131,lot screen
1167 Lachman Ln,MK,34.05697219,-118.54690636,lot screen
1224 Lachman Ln,MK,34.05790221,-118.54532239,lot screen
1131 Tellem Dr,MK,34.05649511,-118.5441635,lot screen
1073 Glenhaven Dr,MK,34.05478172,-118.54755845,lot screen
1026 Enchanted Way,MK,34.05539006,-118.5484125,lot screen
16915 Enchanted Pl,MK,34.05177088,-118.54858666,lot screen
16613 Pequeno Pl,MK,34.05537305,-118.5441459,lot screen
16918 Marquez Ave,MK,34.04425233,-118.54847405,lot screen
17053 Bollinger Dr,MK,34.04308214,-118.55060053,lot screen
16742 Bollinger Dr,MK,34.04625436,-118.54430442,lot screen
16503 Las Casas Pl,MK,34.05022239,-118.54093579,lot screen
16521 Las Casas Pl,MK,34.05035168,-118.54165755,lot screen
838 N Las Casas Ave,MK,34.04944198,-118.54083672,lot screen
1120 Cumbre Alta Ct,HIGH,34.06773312,-118.55437256,lot screen
16726 Monte Hermoso Dr,HIGH,34.06750006,-118.55259978,lot screen
16740 Monte Hermoso Dr,HIGH,34.0678346,-118.55303949,lot screen
16748 Monte Hermoso Dr,HIGH,34.06804218,-118.55321856,lot screen
16756 Monte Hermoso Dr,HIGH,34.06825976,-118.55337889,lot screen
16637 Cumbre Verde Ct,HIGH,34.07192034,-118.55090875,lot screen
1425 Monte Grande Pl,HIGH,34.07579524,-118.55778777,lot screen
17249 Avenida de la Herradura,HIGH,34.07880227,-118.56180559,lot screen
17241 Avenida de la Herradura,HIGH,34.07851018,-118.56146844,lot screen
1626 Chastain Pkwy E,SUMMIT,34.07573433,-118.54878089,lot screen
1588 Chastain Pkwy W,SUMMIT,34.07635561,-118.54978138,lot screen
16821 Via La Costa,ENC,34.07860148,-118.54803218,lot screen
16814 Calle Bellevista,ENC,34.07756124,-118.54957921,lot screen
16895 Calle De Sarah,ENC,34.07732896,-118.55271848,lot screen
1475 Via Cresta,RIDGE,34.05671331,-118.53585038,lot screen
1467 Via Cresta,RIDGE,34.05700312,-118.53601314,lot screen
1433 Via Anita,RIDGE,34.05884869,-118.5378299,lot screen
318 Bellino Dr,CAST,34.04549454,-118.56083994,lot screen
320 Bellino Dr,CAST,34.04592444,-118.56114294,lot screen
312 Bellino Dr,CAST,34.04532411,-118.56068989,lot screen
17929 Castellammare Dr,CAST,34.04282905,-118.5653138,lot screen
17810 Castellammare Dr,CAST,34.04186566,-118.56298938,lot screen
17941 Tramonto Dr,CAST,34.04375428,-118.56527645,lot screen
633 Resolano Dr,CAST,34.04793942,-118.55660275,lot screen
875 Chautauqua Blvd,ALPHA,34.04597936,-118.51701547,lot screen
1161 Via De La Paz,ALPHA,34.05074655,-118.52651161,lot screen
1150 Iliff St,ALPHA,34.05090045,-118.51952896,lot screen
424 Via De La Paz,VDLP,34.03768207,-118.52909129,lot screen
16614 Pequeno Pl,MK,34.05441548,-118.54500578,lot screen
719 Chapala Dr,HUNT,34.0405126,-118.52202317,lot screen
16561 Las Casas Pl,MK,34.05008722,-118.54291173,lot screen
1515 Umeo Rd,RIV,34.0596629,-118.50518923,lot screen
16860 Livorno Dr,MK,34.04355273,-118.54617021,lot screen
922 Enchanted Way,MK,34.05313024,-118.54844625,lot screen
911 Hartzell St,ALPHA,34.04602205,-118.52009625,lot screen
16957 Livorno Dr,MK,34.04315288,-118.54860051,lot screen
1028 Chautauqua Blvd,ALPHA,34.04888934,-118.51669157,lot screen
1057 Corsica Dr,RIV,34.04763865,-118.50633714,labeled comp (blocks.py)
1026 Corsica Dr,RIV,34.0466523,-118.50629691,labeled comp (blocks.py)
1480 Capri Dr,RIV,34.05674723,-118.50217309,labeled comp (blocks.py)
521 Toyopa Dr,HUNT,34.03710835,-118.51989297,labeled comp (blocks.py)
839 Toyopa Dr,HUNT,34.04320412,-118.52255784,labeled comp (blocks.py)
782 Ranch Ln,RUSTIC,34.04312368,-118.51459827,labeled comp (blocks.py)
16042 Northfield St,BLUFF,34.04632012,-118.53599747,labeled comp (blocks.py)
568 Almar Ave,BLUFF,34.04398748,-118.53650505,labeled comp (blocks.py)
16045 Northfield St,BLUFF,34.04666099,-118.53563253,labeled comp (blocks.py)
16021 Northfield St,BLUFF,34.04626667,-118.53517924,labeled comp (blocks.py)
605 Erskine Dr,BLUFF,34.0433846,-118.533592,labeled comp (blocks.py)
16011 Miami Way,BLUFF,34.04519653,-118.53657487,labeled comp (blocks.py)
744 Iliff St,ALPHA,34.04275129,-118.51777953,labeled comp (blocks.py)
751 Swarthmore Ave,VDLP,34.04392392,-118.52702706,labeled comp (blocks.py)
724 Hampden Pl,ALPHA,34.04289951,-118.52603821,labeled comp (blocks.py)
16749 Marquez Ter,MK,34.04746029,-118.54623049,labeled comp (blocks.py)
17405 Castellammare Dr,CAST,34.0391323,-118.55675939,labeled comp (blocks.py)
1476 Via Cresta,RIDGE,34.05568833,-118.53682775,labeled comp (blocks.py)
16899 Calle de Sarah,ENC,34.07710466,-118.55254331,labeled comp (blocks.py)
16844 Calle de Sarah,ENC,34.07745379,-118.55082046,labeled comp (blocks.py)
16795 Monte Hermoso Dr,HIGH,34.0699666,-118.55305242,labeled comp (blocks.py)
